M,N,K,torch,Triton
3584.000000,3584.000000,3584.000000,101.028528,83.876297
